Name	Backbone	Position	Ankerita the Gracious	Ibot of the Mountains	Isabella the Paladin	Maut the Fair	Esabell the Daring	Avina the Gladiator	Ybelote the Patroller	Victoria the Orange	Sybbyl the Pale	Elysande the Persistent
Chr1p946	Chr1	946	A	A	A	A	A	A	G	A	G	A
Chr1p1492	Chr1	1492	C	T	T	C	T	T	T	T	C	C
Chr1p2038	Chr1	2038	T	T	T	A	T	T	T	T	T	T
Chr1p2584	Chr1	2584	A	G	G	A	G	G	G	G	G	G
Chr1p3130	Chr1	3130	C	T	C	T	C	T	C	T	C	T
Chr1p3676	Chr1	3676	T	G	G	G	G	G	G	G	G	G
Chr1p4222	Chr1	4222	T	C	C	C	C	T	C	C	T	C
Chr1p4768	Chr1	4768	A	A	A	G	A	A	A	G	A	G
Chr1p5314	Chr1	5314	C	T	T	C	C	T	T	T	T	T
Chr1p5860	Chr1	5860	G	G	T	G	G	G	G	T	G	G
Chr1p6406	Chr1	6406	A	A	C	C	C	A	A	A	C	C
Chr1p6952	Chr1	6952	A	G	A	A	A	G	G	A	A	A
Chr1p7498	Chr1	7498	T	C	T	C	T	C	T	T	T	C
Chr1p8044	Chr1	8044	G	G	A	G	G	A	G	G	G	G
Chr1p8590	Chr1	8590	C	A	C	C	C	A	A	A	A	C
Chr1p9136	Chr1	9136	A	G	A	A	A	A	A	A	A	G
Chr1p9682	Chr1	9682	G	G	G	G	G	T	G	G	G	T
Chr1p10228	Chr1	10228	G	T	T	T	T	T	T	T	T	G
Chr1p10774	Chr1	10774	A	T	T	T	T	T	T	A	T	T
Chr1p11320	Chr1	11320	A	C	C	A	C	A	C	A	C	C
Chr1p11866	Chr1	11866	A	A	A	A	C	A	A	A	A	A
Chr1p12412	Chr1	12412	A	A	A	T	A	T	A	A	A	A
Chr1p12958	Chr1	12958	A	A	G	G	G	A	G	G	A	G
Chr1p13504	Chr1	13504	C	G	G	C	C	C	G	C	C	G
Chr1p14050	Chr1	14050	G	A	G	A	A	A	G	A	G	A
Chr1p14596	Chr1	14596	A	A	G	A	G	G	A	G	G	A
Chr1p15142	Chr1	15142	T	T	C	C	T	T	T	C	T	T
Chr1p15688	Chr1	15688	T	A	A	A	T	A	A	A	T	T
Chr1p16234	Chr1	16234	G	G	G	G	G	G	A	G	A	G
Chr1p16780	Chr1	16780	C	T	C	C	C	T	T	C	C	T
Chr1p17326	Chr1	17326	G	G	G	G	G	G	G	T	T	G
Chr1p17872	Chr1	17872	T	C	T	T	C	C	C	T	T	T
Chr1p18418	Chr1	18418	A	A	A	A	A	A	A	A	A	G
Chr1p18964	Chr1	18964	C	C	C	T	T	T	T	T	T	T
Chr1p19510	Chr1	19510	T	G	T	G	G	T	T	T	G	G
Chr1p20056	Chr1	20056	C	C	C	A	A	A	C	C	C	A
Chr1p20602	Chr1	20602	G	G	A	A	G	A	A	G	A	G
Chr1p21148	Chr1	21148	T	C	T	T	T	C	T	T	T	C
Chr1p21694	Chr1	21694	G	G	G	G	G	A	A	G	G	G
Chr1p22240	Chr1	22240	C	C	A	A	C	C	A	C	C	C
Chr1p22786	Chr1	22786	A	G	A	G	G	G	A	G	A	G
Chr1p23332	Chr1	23332	G	G	A	A	A	A	G	G	G	A
Chr1p23878	Chr1	23878	T	C	C	C	T	T	T	T	T	C
Chr1p24424	Chr1	24424	T	A	A	A	A	T	A	T	T	T
Chr1p24970	Chr1	24970	G	G	G	A	A	A	G	A	G	A
Chr1p25516	Chr1	25516	T	T	C	T	T	T	T	T	C	T
Chr1p26062	Chr1	26062	G	G	T	G	G	G	T	G	G	T
Chr1p26608	Chr1	26608	C	T	C	C	C	C	T	C	T	T
Chr1p27154	Chr1	27154	G	G	G	A	A	G	A	G	G	A
Chr1p27700	Chr1	27700	T	C	C	T	T	T	T	T	T	C
Chr1p28246	Chr1	28246	T	T	G	G	G	G	T	G	G	G
Chr1p28792	Chr1	28792	C	C	C	C	A	C	C	C	C	C
Chr1p29338	Chr1	29338	A	G	A	G	A	A	A	A	A	A
Chr1p29884	Chr1	29884	T	T	T	T	T	T	C	C	T	C
Chr1p30430	Chr1	30430	G	G	G	A	G	G	G	A	G	A
Chr1p30976	Chr1	30976	A	C	A	A	A	C	C	A	A	C
Chr1p31522	Chr1	31522	A	G	G	A	A	G	G	A	G	A
Chr1p32068	Chr1	32068	G	T	G	G	T	G	G	T	G	T
Chr1p32614	Chr1	32614	T	T	G	G	T	T	G	T	T	G
Chr1p33160	Chr1	33160	T	A	A	T	T	A	A	A	T	T
Chr1p33706	Chr1	33706	A	C	C	C	A	C	C	C	A	A
Chr1p34252	Chr1	34252	G	A	G	A	G	A	A	A	G	G
Chr1p34798	Chr1	34798	T	T	T	T	T	T	T	T	T	C
Chr1p35344	Chr1	35344	T	T	T	T	A	T	T	A	T	A
Chr1p35890	Chr1	35890	G	G	G	G	A	G	G	G	A	A
Chr1p36436	Chr1	36436	T	T	T	C	T	C	T	C	T	C
Chr1p36982	Chr1	36982	G	G	G	G	G	T	T	G	G	G
Chr1p37528	Chr1	37528	C	T	T	T	T	T	C	C	C	C
Chr1p38074	Chr1	38074	A	A	A	G	G	A	A	G	A	A
Chr1p38620	Chr1	38620	C	T	T	T	C	T	T	C	T	T
Chr1p39166	Chr1	39166	T	G	G	G	T	G	G	G	G	G
Chr1p39712	Chr1	39712	A	A	A	C	C	C	C	A	C	C
Chr1p40258	Chr1	40258	A	A	G	G	A	A	A	A	G	A
Chr1p40804	Chr1	40804	T	T	T	T	T	T	T	C	T	C
Chr1p41350	Chr1	41350	G	G	G	A	G	G	G	G	G	G
Chr1p41896	Chr1	41896	C	C	C	A	C	C	C	C	A	C
Chr1p42442	Chr1	42442	A	G	G	A	G	A	A	A	A	G
Chr1p42988	Chr1	42988	G	G	G	G	G	T	G	G	G	G
Chr1p43534	Chr1	43534	T	T	T	T	T	T	T	T	T	T
Chr1p44080	Chr1	44080	T	T	T	T	T	T	A	A	T	T
Chr1p44626	Chr1	44626	A	C	A	C	C	C	A	C	C	C
Chr1p45172	Chr1	45172	C	A	C	A	A	A	C	C	A	A
Chr1p45718	Chr1	45718	A	A	T	A	A	A	A	A	A	A
Chr1p46264	Chr1	46264	A	A	A	G	A	A	G	A	A	A
Chr1p46810	Chr1	46810	T	T	T	T	T	C	T	C	T	T
Chr1p47356	Chr1	47356	T	A	T	A	T	A	T	A	T	A
Chr1p47902	Chr1	47902	G	G	G	G	G	A	G	G	G	A
Chr1p48448	Chr1	48448	C	T	T	T	C	C	C	T	C	T
Chr1p48994	Chr1	48994	G	G	T	T	G	T	T	T	T	T
Chr1p49540	Chr1	49540	T	T	T	T	T	T	T	C	T	C
Chr1p50086	Chr1	50086	A	G	G	A	G	A	A	A	A	A
Chr1p50632	Chr1	50632	T	C	T	C	T	C	T	T	T	T
Chr1p51178	Chr1	51178	G	G	T	T	G	T	G	G	T	G
Chr1p51724	Chr1	51724	C	C	C	C	A	C	C	A	A	C
Chr1p52270	Chr1	52270	G	A	A	A	A	A	A	A	G	A
Chr1p52816	Chr1	52816	C	C	T	C	T	T	C	C	C	T
Chr1p53362	Chr1	53362	G	G	G	A	G	A	A	G	G	A
Chr1p53908	Chr1	53908	C	A	A	C	A	A	C	C	A	C
Chr1p54454	Chr1	54454	G	G	A	A	A	A	A	A	G	A
Chr1p55000	Chr1	55000	C	T	T	T	T	C	T	T	T	C
Chr2p574	Chr2	574	A	A	A	T	T	A	T	A	T	A
Chr2p1306	Chr2	1306	A	A	A	G	G	G	G	G	G	A
Chr2p2038	Chr2	2038	C	C	T	C	T	T	C	T	C	T
Chr2p2770	Chr2	2770	T	G	T	T	T	T	G	G	T	G
Chr2p3502	Chr2	3502	C	T	T	T	T	T	C	T	T	T
Chr2p4234	Chr2	4234	G	G	A	G	A	A	A	A	A	G
Chr2p4966	Chr2	4966	T	C	T	C	C	T	C	T	T	T
Chr2p5698	Chr2	5698	G	T	T	G	T	G	G	T	G	G
Chr2p6430	Chr2	6430	C	C	C	C	C	C	C	C	C	C
Chr2p7162	Chr2	7162	G	A	A	A	A	A	A	G	G	G
Chr2p7894	Chr2	7894	T	C	T	C	T	C	T	C	T	T
Chr2p8626	Chr2	8626	G	A	G	G	G	G	A	G	G	A
Chr2p9358	Chr2	9358	C	A	C	C	A	C	C	C	C	C
Chr2p10090	Chr2	10090	G	G	A	G	A	A	G	G	A	G
Chr2p10822	Chr2	10822	T	G	G	G	G	G	G	G	G	G
Chr2p11554	Chr2	11554	T	G	T	T	G	G	T	T	G	G
Chr2p12286	Chr2	12286	T	T	T	T	T	T	A	A	A	T
Chr2p13018	Chr2	13018	C	C	C	A	C	C	A	A	C	C
Chr2p13750	Chr2	13750	A	A	C	C	C	A	A	C	A	C
Chr2p14482	Chr2	14482	A	A	A	G	A	A	A	G	A	G
Chr2p15214	Chr2	15214	T	T	T	C	T	T	C	C	T	T
Chr2p15946	Chr2	15946	T	T	T	A	T	T	A	T	T	T
Chr2p16678	Chr2	16678	G	G	G	A	G	A	G	G	A	A
Chr2p17410	Chr2	17410	C	C	C	T	C	C	C	T	C	C
Chr2p18142	Chr2	18142	G	T	G	G	T	G	G	G	G	G
Chr2p18874	Chr2	18874	T	T	T	T	T	T	T	T	C	T
Chr2p19606	Chr2	19606	A	G	G	A	A	A	A	A	A	A
Chr2p20338	Chr2	20338	T	T	T	T	C	C	T	C	C	C
Chr2p21070	Chr2	21070	T	G	T	T	T	G	G	G	G	T
Chr2p21802	Chr2	21802	A	C	C	A	A	A	C	C	C	A
Chr2p22534	Chr2	22534	A	G	A	G	G	A	G	G	A	G
Chr2p23266	Chr2	23266	T	C	C	C	T	C	T	T	T	T
Chr2p23998	Chr2	23998	G	G	A	A	G	G	G	G	G	G
Chr2p24730	Chr2	24730	C	C	C	A	A	C	C	A	C	C
Chr2p25462	Chr2	25462	A	A	G	G	A	A	A	A	G	A
Chr2p26194	Chr2	26194	G	T	G	G	G	T	G	T	G	T
Chr2p26926	Chr2	26926	T	T	T	T	T	T	T	T	T	T
Chr2p27658	Chr2	27658	T	T	T	T	T	T	A	T	T	T
Chr2p28390	Chr2	28390	A	A	C	C	A	C	C	C	A	A
Chr2p29122	Chr2	29122	A	C	C	A	C	A	A	A	C	A
Chr2p29854	Chr2	29854	T	A	A	T	T	A	T	T	T	A
Chr2p30586	Chr2	30586	A	A	A	G	A	A	A	A	A	G
Chr2p31318	Chr2	31318	C	C	C	C	T	T	T	C	T	C
Chr2p32050	Chr2	32050	T	A	T	A	A	A	T	T	A	A
Chr2p32782	Chr2	32782	G	A	G	G	A	G	G	G	A	G
Chr2p33514	Chr2	33514	T	C	C	C	T	T	T	T	T	C
Chr2p34246	Chr2	34246	G	T	G	G	G	T	G	G	G	G
Chr2p34978	Chr2	34978	T	C	T	C	T	T	C	T	C	T
Chr2p35710	Chr2	35710	A	A	A	G	G	G	G	G	G	A
Chr2p36442	Chr2	36442	C	C	T	C	T	T	T	T	C	T
Chr2p37174	Chr2	37174	G	T	G	T	T	T	T	T	T	G
Chr2p37906	Chr2	37906	C	C	C	A	C	C	C	A	A	C
Chr2p38638	Chr2	38638	G	A	G	G	G	A	G	A	G	A
Chr2p39370	Chr2	39370	T	T	T	T	T	T	T	C	T	C
Chr2p40102	Chr2	40102	A	G	G	A	G	G	G	G	G	G
Chr2p40834	Chr2	40834	C	C	C	A	A	C	C	A	A	C
Chr2p41566	Chr2	41566	A	A	G	G	A	A	A	G	A	A
Chr2p42298	Chr2	42298	G	G	G	T	G	T	G	G	G	T
Chr2p43030	Chr2	43030	G	T	T	T	G	G	T	T	T	T
Chr2p43762	Chr2	43762	A	A	T	A	A	T	T	T	A	A
Chr2p44494	Chr2	44494	C	C	C	C	C	A	C	C	C	A
Chr2p45226	Chr2	45226	A	A	C	C	A	C	A	C	A	A
Chr2p45958	Chr2	45958	A	T	A	T	T	T	A	A	A	T
Chr2p46690	Chr2	46690	A	A	G	A	G	G	G	G	G	A
Chr2p47422	Chr2	47422	A	G	A	G	G	G	A	A	G	G
Chr2p48154	Chr2	48154	T	C	T	T	T	T	T	C	T	T
Chr2p48886	Chr2	48886	T	A	T	T	A	A	T	T	T	T
Chr2p49618	Chr2	49618	G	G	G	A	G	G	A	G	G	A
Chr2p50350	Chr2	50350	T	C	C	C	T	C	C	C	C	T
Chr2p51082	Chr2	51082	G	G	G	G	T	G	G	G	G	T
Chr2p51814	Chr2	51814	T	T	C	C	T	C	T	T	T	T
Chr2p52546	Chr2	52546	G	A	G	A	A	A	A	A	G	G
Chr2p53278	Chr2	53278	C	C	T	T	T	T	T	T	C	T
Chr2p54010	Chr2	54010	T	T	T	G	T	T	G	G	T	G
Chr2p54742	Chr2	54742	A	A	C	A	C	A	C	C	A	C
Chr2p55474	Chr2	55474	A	A	G	A	A	A	G	G	A	G
Chr2p56206	Chr2	56206	A	G	A	A	G	G	A	A	G	A
Chr2p56938	Chr2	56938	C	T	T	T	C	T	C	T	C	T
Chr2p57670	Chr2	57670	A	T	T	A	T	T	T	A	T	T
Chr2p58402	Chr2	58402	G	A	A	A	A	A	G	A	A	A
Chr2p59134	Chr2	59134	T	T	C	C	T	T	C	C	C	T
Chr2p59866	Chr2	59866	T	T	T	T	T	T	T	T	A	T
Chr2p60598	Chr2	60598	G	A	A	G	G	G	A	G	G	G
Chr2p61330	Chr2	61330	T	T	T	C	T	C	T	T	T	C
Chr2p62062	Chr2	62062	G	G	G	G	G	T	G	T	T	G
Chr2p62794	Chr2	62794	C	T	T	T	T	T	T	T	T	C
Chr2p63526	Chr2	63526	A	A	A	A	A	A	A	G	A	A
Chr2p64258	Chr2	64258	T	T	T	C	T	T	T	C	T	C
Chr2p64990	Chr2	64990	T	T	G	T	T	T	T	T	T	T
Chr2p65722	Chr2	65722	C	C	A	A	C	C	C	A	A	C
Chr2p66454	Chr2	66454	A	A	A	G	A	G	A	G	A	A
Chr2p67186	Chr2	67186	T	T	C	T	C	T	T	T	T	T
Chr2p67918	Chr2	67918	G	G	A	G	G	A	G	G	G	G
Chr2p68650	Chr2	68650	G	A	G	A	A	G	G	A	A	G
Chr2p69382	Chr2	69382	C	C	C	T	T	T	T	T	C	T
Chr2p70114	Chr2	70114	A	T	T	A	T	A	A	T	A	A
Chr2p70846	Chr2	70846	G	G	G	G	A	G	G	A	G	G
Chr2p71578	Chr2	71578	C	C	C	C	T	C	T	C	C	C
Chr2p72310	Chr2	72310	T	T	T	G	G	G	G	G	G	G
Chr2p73042	Chr2	73042	C	T	T	T	C	T	T	C	T	T
Chr3p821	Chr3	821	G	A	G	A	A	G	G	G	G	A
Chr3p1252	Chr3	1252	C	C	T	T	T	C	T	C	C	C
Chr3p1683	Chr3	1683	T	A	T	T	T	T	T	A	T	A
Chr3p2114	Chr3	2114	G	G	A	A	G	G	G	G	A	G
Chr3p2545	Chr3	2545	C	C	C	C	T	C	T	C	C	C
Chr3p2976	Chr3	2976	G	T	G	G	G	G	T	G	G	T
Chr3p3407	Chr3	3407	C	C	T	C	T	T	T	T	T	T
Chr3p3838	Chr3	3838	A	G	A	A	A	A	A	A	A	G
Chr3p4269	Chr3	4269	C	T	T	T	T	C	C	C	C	C
Chr3p4700	Chr3	4700	G	G	G	T	G	G	T	G	G	G
Chr3p5131	Chr3	5131	C	C	C	C	C	A	C	C	A	A
Chr3p5562	Chr3	5562	A	A	A	A	A	A	A	A	A	G
Chr3p5993	Chr3	5993	T	T	T	T	T	T	T	T	C	C
Chr3p6424	Chr3	6424	A	A	G	G	A	A	G	G	A	G
Chr3p6855	Chr3	6855	A	A	C	C	C	C	A	C	C	C
Chr3p7286	Chr3	7286	A	A	G	A	A	A	G	A	A	A
Chr3p7717	Chr3	7717	G	G	T	G	G	T	G	G	T	T
Chr3p8148	Chr3	8148	T	T	T	G	T	T	T	T	T	T
Chr3p8579	Chr3	8579	A	T	A	T	A	T	T	T	T	T
Chr3p9010	Chr3	9010	C	A	C	C	C	C	A	C	C	A
Chr3p9441	Chr3	9441	A	A	C	A	A	C	C	A	C	C
Chr3p9872	Chr3	9872	A	A	A	T	A	A	A	T	A	A
Chr3p10303	Chr3	10303	A	A	G	G	A	A	A	A	A	A
Chr3p10734	Chr3	10734	T	C	C	T	C	T	T	C	T	C
Chr3p11165	Chr3	11165	A	A	T	T	T	A	T	T	A	T
Chr3p11596	Chr3	11596	A	G	A	G	G	A	G	A	G	A
Chr3p12027	Chr3	12027	C	T	C	C	C	T	T	T	T	T
Chr3p12458	Chr3	12458	G	T	T	T	G	G	T	T	G	G
Chr3p12889	Chr3	12889	T	T	T	T	C	C	T	T	C	T
Chr3p13320	Chr3	13320	A	A	A	G	A	A	A	G	A	G
Chr3p13751	Chr3	13751	C	T	T	C	C	T	C	C	C	C
Chr3p14182	Chr3	14182	G	T	G	T	G	G	G	T	G	T
Chr3p14613	Chr3	14613	C	A	C	A	C	C	C	C	C	A
Chr3p15044	Chr3	15044	G	A	A	A	A	A	A	G	A	G
Chr3p15475	Chr3	15475	T	T	C	T	C	T	T	T	C	T
Chr3p15906	Chr3	15906	G	G	A	A	A	A	A	G	G	G
Chr3p16337	Chr3	16337	A	C	A	A	C	C	C	A	C	A
Chr3p16768	Chr3	16768	A	G	A	A	A	G	G	A	G	A
Chr3p17199	Chr3	17199	T	G	G	G	G	T	T	T	T	G
Chr3p17630	Chr3	17630	T	G	T	T	T	T	T	T	G	G
Chr3p18061	Chr3	18061	A	A	A	T	A	A	A	T	A	A
Chr3p18492	Chr3	18492	C	A	C	C	A	C	C	A	C	C
Chr3p18923	Chr3	18923	A	C	C	C	A	C	A	A	C	A
Chr3p19354	Chr3	19354	A	T	T	A	A	A	T	T	A	A
Chr3p19785	Chr3	19785	A	G	G	G	A	A	G	G	A	G
Chr3p20216	Chr3	20216	A	G	A	G	G	G	G	G	G	G
Chr3p20647	Chr3	20647	T	C	T	T	T	T	T	T	C	T
Chr3p21078	Chr3	21078	A	T	T	T	T	T	A	T	T	T
Chr3p21509	Chr3	21509	G	A	G	G	G	G	G	A	G	G
Chr3p21940	Chr3	21940	C	T	T	C	C	C	C	T	T	C
Chr3p22371	Chr3	22371	G	G	G	G	G	T	T	T	G	T
Chr3p22802	Chr3	22802	C	T	T	T	T	T	C	T	C	T
Chr3p23233	Chr3	23233	G	G	A	G	G	A	A	A	A	A
Chr3p23664	Chr3	23664	C	T	T	C	C	T	T	T	T	C
Chr3p24095	Chr3	24095	G	G	T	G	T	T	T	G	G	G
Chr3p24526	Chr3	24526	A	C	C	A	C	C	C	C	C	A
Chr3p24957	Chr3	24957	A	A	A	G	A	G	A	G	A	A
Chr3p25388	Chr3	25388	G	A	A	A	A	A	G	A	A	A
Chr3p25819	Chr3	25819	T	C	C	C	T	T	T	T	T	C
Chr3p26250	Chr3	26250	T	T	T	T	A	A	T	A	A	A
Chr3p26681	Chr3	26681	A	A	G	G	G	A	A	A	G	A
Chr3p27112	Chr3	27112	T	C	T	C	C	T	T	C	T	T
Chr3p27543	Chr3	27543	T	T	T	T	A	T	A	T	T	T
Chr3p27974	Chr3	27974	A	A	G	G	A	A	A	A	G	A
Chr3p28405	Chr3	28405	C	C	C	T	T	T	C	T	T	T
Chr3p28836	Chr3	28836	T	T	T	T	G	G	T	G	G	G
Chr3p29267	Chr3	29267	C	T	C	C	T	T	C	T	T	C
Chr3p29698	Chr3	29698	G	G	A	A	A	A	A	A	A	A
Chr3p30129	Chr3	30129	C	T	C	T	C	T	C	T	C	C
Chr3p30560	Chr3	30560	G	G	T	G	G	G	G	G	T	G
Chr3p30991	Chr3	30991	C	C	C	C	A	C	A	C	A	C
Chr3p31422	Chr3	31422	A	A	A	G	G	A	A	G	G	G
Chr3p31853	Chr3	31853	C	C	T	C	T	T	C	T	C	T
Chr3p32284	Chr3	32284	G	G	A	A	G	G	A	G	G	G
Chr3p32715	Chr3	32715	A	A	A	G	G	G	G	G	G	A
Chr3p33146	Chr3	33146	T	C	T	T	C	T	T	T	C	T
Chr3p33577	Chr3	33577	T	T	T	A	T	T	T	T	T	T
Chr3p34008	Chr3	34008	A	A	G	G	G	A	A	G	G	A
Chr3p34439	Chr3	34439	C	T	C	T	C	C	T	T	T	T
Chr3p34870	Chr3	34870	G	T	G	T	T	G	T	T	T	G
Chr3p35301	Chr3	35301	C	T	T	T	T	C	C	C	T	C
Chr3p35732	Chr3	35732	G	A	A	A	G	G	A	A	A	A
Chr3p36163	Chr3	36163	C	C	C	T	T	C	C	T	T	C
Chr3p36594	Chr3	36594	G	T	G	G	T	T	G	G	T	T
Chr3p37025	Chr3	37025	A	A	C	A	C	A	C	A	C	C
Chr3p37456	Chr3	37456	A	G	A	A	A	A	G	G	G	A
Chr3p37887	Chr3	37887	T	T	C	T	T	T	T	C	T	T
Chr3p38318	Chr3	38318	G	G	G	G	G	G	A	A	G	G
Chr3p38749	Chr3	38749	C	C	C	C	C	C	C	C	A	C
Chr3p39180	Chr3	39180	A	A	G	G	A	A	A	A	A	G
Chr3p39611	Chr3	39611	A	A	A	A	G	A	A	A	A	A
Chr3p40042	Chr3	40042	T	C	T	T	T	T	T	C	T	C
Chr3p40473	Chr3	40473	T	A	T	T	T	T	A	T	T	A
Chr3p40904	Chr3	40904	A	A	A	C	C	C	C	A	A	A
Chr3p41335	Chr3	41335	G	G	G	A	A	A	A	A	A	G
Chr3p41766	Chr3	41766	T	C	T	T	T	T	T	T	T	C
Chr3p42197	Chr3	42197	A	G	A	G	G	A	G	G	G	G
Chr3p42628	Chr3	42628	G	A	A	G	A	A	A	G	A	A
Chr3p43059	Chr3	43059	T	T	T	T	T	C	T	T	C	T
Chr3p43490	Chr3	43490	T	T	T	A	T	A	T	T	A	T
Chr4p432	Chr4	432	G	A	G	G	A	G	G	G	G	A
Chr4p754	Chr4	754	C	T	T	C	T	C	C	C	C	C
Chr4p1076	Chr4	1076	T	T	G	G	G	T	G	T	T	G
Chr4p1398	Chr4	1398	C	T	C	T	C	C	T	C	T	C
Chr4p1720	Chr4	1720	A	A	A	A	A	A	A	G	A	A
Chr4p2042	Chr4	2042	T	C	C	C	T	T	T	T	C	T
Chr4p2364	Chr4	2364	A	T	A	T	A	T	T	T	T	T
Chr4p2686	Chr4	2686	G	A	G	G	A	G	G	G	G	G
Chr4p3008	Chr4	3008	T	C	C	C	C	C	C	T	T	T
Chr4p3330	Chr4	3330	T	G	T	T	G	G	G	G	G	G
Chr4p3652	Chr4	3652	T	T	T	T	T	C	T	C	T	T
Chr4p3974	Chr4	3974	A	G	A	A	G	A	G	A	A	A
Chr4p4296	Chr4	4296	T	T	T	C	T	C	T	T	T	C
Chr4p4618	Chr4	4618	G	T	T	T	G	T	G	G	G	T
Chr4p4940	Chr4	4940	C	A	C	A	C	C	C	C	C	A
Chr4p5262	Chr4	5262	G	A	A	A	A	G	A	G	G	G
Chr4p5584	Chr4	5584	T	T	C	T	T	C	T	T	C	T
Chr4p5906	Chr4	5906	A	A	G	A	A	G	A	A	G	G
Chr4p6228	Chr4	6228	C	A	C	C	A	C	A	C	C	A
Chr4p6550	Chr4	6550	A	G	A	A	A	G	A	A	A	A
Chr4p6872	Chr4	6872	T	T	T	G	G	G	G	T	G	G
Chr4p7194	Chr4	7194	G	G	T	T	T	T	T	T	T	T
Chr4p7516	Chr4	7516	T	A	A	A	T	A	A	T	T	T
Chr4p7838	Chr4	7838	C	A	C	C	C	C	A	A	C	C
Chr4p8160	Chr4	8160	C	A	C	C	A	C	A	A	A	A
Chr4p8482	Chr4	8482	A	T	A	A	A	A	A	A	A	A
Chr4p8804	Chr4	8804	A	G	A	A	A	A	A	A	A	G
Chr4p9126	Chr4	9126	T	C	T	T	C	T	T	T	C	T
Chr4p9448	Chr4	9448	A	A	T	T	A	A	T	T	T	T
Chr4p9770	Chr4	9770	G	G	G	A	G	G	G	G	A	G
Chr4p10092	Chr4	10092	T	T	T	C	T	C	C	C	C	T
Chr4p10414	Chr4	10414	T	T	G	G	G	G	G	T	G	G
Chr4p10736	Chr4	10736	T	C	C	T	C	T	T	C	T	T
Chr4p11058	Chr4	11058	G	A	G	G	A	G	G	G	A	A
Chr4p11380	Chr4	11380	T	C	C	C	C	C	C	T	T	T
Chr4p11702	Chr4	11702	G	T	T	T	T	T	T	T	G	T
Chr4p12024	Chr4	12024	A	C	A	C	C	C	C	C	A	C
Chr4p12346	Chr4	12346	G	A	A	G	A	G	A	A	G	A
Chr4p12668	Chr4	12668	C	T	C	T	T	T	C	T	C	C
Chr4p12990	Chr4	12990	G	G	G	A	G	A	G	G	A	G
Chr4p13312	Chr4	13312	A	C	C	C	C	C	C	C	A	A
Chr4p13634	Chr4	13634	A	A	A	G	A	A	G	A	A	A
Chr4p13956	Chr4	13956	T	T	G	T	G	G	T	T	T	T
Chr4p14278	Chr4	14278	A	C	A	C	A	A	C	C	C	C
Chr4p14600	Chr4	14600	G	G	A	G	A	G	A	A	A	A
Chr4p14922	Chr4	14922	T	T	T	T	T	T	T	T	C	T
Chr4p15244	Chr4	15244	G	A	G	G	A	A	G	G	G	G
Chr4p15566	Chr4	15566	A	G	A	A	G	A	G	G	G	G
Chr4p15888	Chr4	15888	T	T	T	C	T	C	T	T	T	C
Chr4p16210	Chr4	16210	T	A	A	T	T	T	T	T	T	T
Chr4p16532	Chr4	16532	G	A	G	A	G	A	A	A	A	A
Chr4p16854	Chr4	16854	C	T	C	T	C	T	C	C	C	C
Chr4p17176	Chr4	17176	G	G	G	G	G	G	G	G	G	G
Chr4p17498	Chr4	17498	T	T	T	T	T	T	C	C	T	T
Chr4p17820	Chr4	17820	A	A	A	A	G	A	G	A	A	A
Chr4p18142	Chr4	18142	C	T	T	C	C	T	T	C	C	T
Chr4p18464	Chr4	18464	T	T	T	T	A	A	T	A	T	A
Chr4p18786	Chr4	18786	A	A	G	G	G	G	G	A	G	A
Chr4p19108	Chr4	19108	T	C	C	C	C	C	C	C	C	T
Chr4p19430	Chr4	19430	G	G	G	G	G	G	G	T	G	G
Chr4p19752	Chr4	19752	T	T	C	T	C	T	C	T	C	T
Chr4p20074	Chr4	20074	G	G	A	A	G	A	A	A	G	G
Chr4p20396	Chr4	20396	T	C	T	T	T	T	C	C	T	C
Chr4p20718	Chr4	20718	G	G	T	T	T	G	T	T	T	G
Chr4p21040	Chr4	21040	C	A	C	A	C	C	C	A	C	A
Chr4p21362	Chr4	21362	G	A	A	A	A	A	A	A	A	G
Chr4p21684	Chr4	21684	C	C	C	T	T	C	T	C	C	T
Chr4p22006	Chr4	22006	A	G	G	A	G	G	A	G	A	G
Chr4p22328	Chr4	22328	A	C	C	A	C	A	C	C	C	C
Chr4p22650	Chr4	22650	A	A	A	A	A	G	G	A	G	A
Chr4p22972	Chr4	22972	G	G	G	G	G	G	G	G	T	T
Chr4p23294	Chr4	23294	G	G	G	T	T	G	T	T	G	T
Chr4p23616	Chr4	23616	T	T	T	T	A	A	T	T	A	T
Chr4p23938	Chr4	23938	C	C	A	C	C	A	A	A	C	A
Chr4p24260	Chr4	24260	C	C	C	C	C	A	C	A	A	C
Chr4p24582	Chr4	24582	A	A	T	T	T	T	T	T	T	T
Chr4p24904	Chr4	24904	A	A	A	A	G	A	A	A	A	A
Chr4p25226	Chr4	25226	T	T	C	T	T	T	T	T	T	T
Chr4p25548	Chr4	25548	T	A	A	T	T	T	T	A	T	T
Chr4p25870	Chr4	25870	G	G	A	G	G	A	A	A	A	A
Chr4p26192	Chr4	26192	C	T	T	T	T	C	T	C	T	T
Chr4p26514	Chr4	26514	T	G	G	G	G	T	G	G	G	G
Chr4p26836	Chr4	26836	T	T	C	T	C	C	T	C	T	T
Chr4p27158	Chr4	27158	A	A	C	A	C	A	C	C	C	C
Chr4p27480	Chr4	27480	A	G	A	A	G	A	A	G	A	A
Chr4p27802	Chr4	27802	T	T	T	C	C	T	T	C	T	T
Chr4p28124	Chr4	28124	A	A	G	A	A	G	G	G	A	G
Chr4p28446	Chr4	28446	A	A	A	G	G	A	A	A	A	G
Chr4p28768	Chr4	28768	T	T	C	T	T	T	T	C	T	C
Chr4p29090	Chr4	29090	T	T	A	A	T	T	T	T	T	T
Chr4p29412	Chr4	29412	G	A	G	G	G	G	G	G	A	G
Chr4p29734	Chr4	29734	C	T	C	C	T	C	T	C	C	C
Chr4p30056	Chr4	30056	T	T	G	G	G	G	G	G	G	G
Chr4p30378	Chr4	30378	C	T	C	C	T	T	T	T	T	T
Chr4p30700	Chr4	30700	A	A	C	C	A	A	C	C	C	C
Chr4p31022	Chr4	31022	A	A	A	A	G	G	G	A	A	A
Chr4p31344	Chr4	31344	T	C	T	T	T	T	C	T	T	T
Chr4p31666	Chr4	31666	G	G	G	G	G	A	G	G	G	A
Chr4p31988	Chr4	31988	A	G	A	A	G	A	A	G	G	A
Chr4p32310	Chr4	32310	T	T	T	T	T	T	C	T	T	T
Chr5p745	Chr5	745	T	T	A	A	A	T	A	T	A	A
Chr5p1388	Chr5	1388	G	A	G	A	A	G	G	G	G	G
Chr5p2031	Chr5	2031	C	C	C	T	C	C	T	C	C	C
Chr5p2674	Chr5	2674	T	T	T	G	G	G	G	G	T	G
Chr5p3317	Chr5	3317	C	C	T	C	T	T	T	T	C	T
Chr5p3960	Chr5	3960	A	A	G	G	A	A	G	G	A	A
Chr5p4603	Chr5	4603	C	C	T	T	T	T	C	T	T	T
Chr5p5246	Chr5	5246	A	T	T	T	T	T	A	T	T	A
Chr5p5889	Chr5	5889	G	G	A	G	G	A	A	G	G	A
Chr5p6532	Chr5	6532	T	C	C	C	T	T	C	T	T	T
Chr5p7175	Chr5	7175	G	G	G	G	G	T	G	T	G	G
Chr5p7818	Chr5	7818	C	T	T	C	T	T	C	T	C	T
Chr5p8461	Chr5	8461	G	A	A	A	A	G	G	A	G	G
Chr5p9104	Chr5	9104	T	T	C	T	T	C	T	C	T	C
Chr5p9747	Chr5	9747	G	G	T	G	G	G	G	G	T	G
Chr5p10390	Chr5	10390	A	C	C	A	C	C	C	C	C	C
Chr5p11033	Chr5	11033	C	C	C	C	A	C	C	A	C	C
Chr5p11676	Chr5	11676	G	A	A	G	A	G	A	A	A	A
Chr5p12319	Chr5	12319	C	T	C	T	T	C	T	C	C	T
Chr5p12962	Chr5	12962	G	G	G	A	A	G	A	A	G	A
Chr5p13605	Chr5	13605	A	A	G	A	A	A	G	G	G	A
Chr5p14248	Chr5	14248	T	T	C	C	C	T	T	T	T	T
Chr5p14891	Chr5	14891	T	T	T	A	T	T	T	A	A	A
Chr5p15534	Chr5	15534	G	G	A	A	G	G	G	A	G	G
Chr5p16177	Chr5	16177	T	C	C	C	C	T	C	C	C	C
Chr5p16820	Chr5	16820	G	G	T	G	G	T	G	T	G	G
Chr5p17463	Chr5	17463	C	T	T	C	T	T	C	C	T	T
Chr5p18106	Chr5	18106	A	G	A	A	G	A	A	A	G	A
Chr5p18749	Chr5	18749	C	T	T	C	C	T	T	T	T	T
Chr5p19392	Chr5	19392	T	T	A	T	T	A	A	A	A	T
Chr5p20035	Chr5	20035	G	G	G	A	G	G	A	A	G	A
Chr5p20678	Chr5	20678	C	C	C	C	C	C	T	C	C	C
Chr5p21321	Chr5	21321	T	T	G	G	G	T	G	G	G	T
Chr5p21964	Chr5	21964	C	C	C	C	T	T	T	T	T	C
Chr5p22607	Chr5	22607	A	A	A	G	G	A	A	G	G	G
Chr5p23250	Chr5	23250	T	T	T	C	T	T	C	T	C	T
Chr5p23893	Chr5	23893	T	G	G	G	G	G	G	G	T	T
Chr5p24536	Chr5	24536	C	C	A	C	C	C	C	C	A	C
Chr5p25179	Chr5	25179	A	A	G	A	A	A	G	A	A	G
Chr5p25822	Chr5	25822	T	C	T	C	T	T	C	T	T	T
Chr5p26465	Chr5	26465	A	G	G	A	A	G	G	G	G	G
Chr5p27108	Chr5	27108	A	C	C	A	A	C	C	A	C	C
Chr5p27751	Chr5	27751	A	A	A	A	A	G	G	A	G	G
Chr5p28394	Chr5	28394	G	G	T	T	G	G	G	G	G	T
Chr5p29037	Chr5	29037	T	T	G	T	T	T	T	G	T	T
Chr5p29680	Chr5	29680	T	A	A	A	T	A	T	T	A	T
Chr5p30323	Chr5	30323	A	C	A	C	C	C	A	C	C	C
Chr5p30966	Chr5	30966	A	A	C	A	A	A	C	A	C	A
Chr5p31609	Chr5	31609	A	A	T	A	A	T	T	A	A	A
Chr5p32252	Chr5	32252	A	A	A	A	G	A	A	A	G	G
Chr5p32895	Chr5	32895	T	T	C	T	T	C	C	T	T	C
Chr5p33538	Chr5	33538	T	T	A	T	A	A	T	T	A	A
Chr5p34181	Chr5	34181	G	A	G	G	G	A	G	A	G	A
Chr5p34824	Chr5	34824	C	C	T	C	C	C	T	C	T	C
Chr5p35467	Chr5	35467	T	G	G	G	G	T	G	G	T	T
Chr5p36110	Chr5	36110	C	C	T	T	T	C	T	T	T	C
Chr5p36753	Chr5	36753	A	A	A	A	A	A	A	G	A	A
Chr5p37396	Chr5	37396	C	T	T	T	T	C	T	T	T	T
Chr5p38039	Chr5	38039	T	G	T	G	G	T	G	G	G	G
Chr5p38682	Chr5	38682	C	C	A	A	A	C	C	A	C	C
Chr5p39325	Chr5	39325	G	A	G	A	G	A	A	A	A	G
Chr5p39968	Chr5	39968	T	C	T	T	T	T	C	T	C	T
Chr5p40611	Chr5	40611	A	G	G	A	G	A	G	G	G	A
Chr5p41254	Chr5	41254	A	C	C	C	A	C	C	C	A	A
Chr5p41897	Chr5	41897	A	G	A	A	A	A	G	A	A	A
Chr5p42540	Chr5	42540	G	G	G	G	G	G	T	G	T	T
Chr5p43183	Chr5	43183	A	C	C	C	A	A	C	C	C	C
Chr5p43826	Chr5	43826	G	A	G	A	G	A	A	A	A	A
Chr5p44469	Chr5	44469	T	T	T	T	T	C	T	T	T	T
Chr5p45112	Chr5	45112	G	A	A	G	G	G	A	G	A	A
Chr5p45755	Chr5	45755	G	G	G	A	A	A	A	G	G	A
Chr5p46398	Chr5	46398	T	C	T	T	T	C	T	T	T	C
Chr5p47041	Chr5	47041	T	A	T	T	A	T	T	T	A	T
Chr5p47684	Chr5	47684	G	G	A	A	A	G	G	G	G	G
Chr5p48327	Chr5	48327	C	T	T	C	C	T	C	C	C	C
Chr5p48970	Chr5	48970	G	G	T	G	G	T	T	G	G	G
Chr5p49613	Chr5	49613	C	T	T	C	T	T	T	C	T	C
Chr5p50256	Chr5	50256	A	A	G	A	A	A	A	G	G	G
Chr5p50899	Chr5	50899	T	C	C	C	C	T	C	T	C	T
Chr5p51542	Chr5	51542	A	T	A	T	T	A	A	A	T	T
Chr5p52185	Chr5	52185	A	G	A	A	A	A	A	G	A	A
Chr5p52828	Chr5	52828	T	C	C	T	C	C	C	T	C	T
Chr5p53471	Chr5	53471	G	G	G	T	G	T	T	T	T	T
Chr5p54114	Chr5	54114	T	T	T	C	T	T	T	T	T	T
Chr5p54757	Chr5	54757	A	G	A	A	A	A	A	A	A	A
Chr5p55400	Chr5	55400	C	C	C	C	T	T	T	T	T	T
Chr5p56043	Chr5	56043	G	T	T	T	G	G	T	G	G	G
Chr5p56686	Chr5	56686	A	C	A	C	A	C	C	C	C	C
Chr5p57329	Chr5	57329	A	G	G	G	A	A	A	A	G	A
Chr5p57972	Chr5	57972	C	T	C	C	C	T	C	T	T	T
Chr5p58615	Chr5	58615	G	G	G	A	A	A	G	G	G	G
Chr5p59258	Chr5	59258	C	A	C	C	C	A	A	C	A	C
Chr5p59901	Chr5	59901	A	A	A	A	G	A	A	G	A	G
Chr5p60544	Chr5	60544	G	G	T	G	G	G	G	G	G	G
Chr5p61187	Chr5	61187	G	T	T	T	T	G	G	T	T	T
Chr5p61830	Chr5	61830	A	T	T	T	T	T	A	T	A	T
Chr5p62473	Chr5	62473	C	C	C	C	A	A	C	C	C	C
Chr5p63116	Chr5	63116	A	C	A	A	C	A	C	A	A	C
Chr5p63759	Chr5	63759	A	A	T	A	A	A	A	A	T	A
Chr5p64402	Chr5	64402	A	A	A	A	G	A	G	G	A	A
Chr6p275	Chr6	275	T	C	T	T	T	T	C	T	C	T
Chr6p1018	Chr6	1018	T	T	A	T	A	T	A	T	T	A
Chr6p1761	Chr6	1761	A	G	A	G	G	A	A	G	G	A
Chr6p2504	Chr6	2504	C	C	C	C	T	T	C	C	T	T
Chr6p3247	Chr6	3247	G	G	G	G	G	T	G	G	T	G
Chr6p3990	Chr6	3990	C	C	T	T	T	T	C	T	C	C
Chr6p4733	Chr6	4733	A	A	A	G	A	G	A	G	G	A
Chr6p5476	Chr6	5476	C	C	T	T	T	C	C	C	T	C
Chr6p6219	Chr6	6219	G	G	G	T	T	T	G	T	G	G
Chr6p6962	Chr6	6962	A	A	A	A	C	C	C	A	C	C
Chr6p7705	Chr6	7705	A	A	A	A	A	A	A	A	A	G
Chr6p8448	Chr6	8448	T	C	T	T	T	C	C	T	T	T
Chr6p9191	Chr6	9191	G	A	G	G	G	A	G	G	G	G
Chr6p9934	Chr6	9934	C	C	C	C	C	A	C	A	C	C
Chr6p10677	Chr6	10677	A	A	A	G	G	G	G	A	G	A
Chr6p11420	Chr6	11420	G	T	T	G	G	G	T	G	G	G
Chr6p12163	Chr6	12163	G	G	G	G	T	G	T	T	T	T
Chr6p12906	Chr6	12906	A	T	A	A	A	A	T	A	T	T
Chr6p13649	Chr6	13649	A	C	A	A	C	C	C	C	C	C
Chr6p14392	Chr6	14392	C	A	C	A	A	C	C	A	A	A
Chr6p15135	Chr6	15135	T	A	A	A	T	A	T	T	T	A
Chr6p15878	Chr6	15878	C	C	C	C	C	C	C	C	A	C
Chr6p16621	Chr6	16621	G	A	A	G	G	A	G	G	G	A
Chr6p17364	Chr6	17364	C	T	T	T	T	T	T	T	C	T
Chr6p18107	Chr6	18107	G	G	A	G	G	G	G	G	G	A
Chr6p18850	Chr6	18850	G	G	G	A	A	A	G	A	G	G
Chr6p19593	Chr6	19593	C	C	C	T	T	T	T	C	C	T
Chr6p20336	Chr6	20336	T	T	A	T	T	T	T	T	A	A
Chr6p21079	Chr6	21079	A	G	G	A	G	A	A	G	G	G
Chr6p21822	Chr6	21822	C	C	C	T	C	C	T	T	C	C
Chr6p22565	Chr6	22565	T	G	G	G	T	G	G	G	G	T
Chr6p23308	Chr6	23308	T	T	T	T	T	T	C	C	T	T
Chr6p24051	Chr6	24051	A	A	G	A	A	G	G	G	A	G
Chr6p24794	Chr6	24794	T	T	T	T	T	C	C	T	T	C
Chr6p25537	Chr6	25537	A	A	A	T	T	T	T	A	A	A
Chr6p26280	Chr6	26280	A	G	G	G	G	G	G	A	G	A
Chr6p27023	Chr6	27023	C	C	C	C	C	C	T	T	C	T
Chr6p27766	Chr6	27766	T	T	T	G	G	T	G	G	T	G
Chr6p28509	Chr6	28509	T	C	T	T	C	T	C	T	T	C
Chr6p29252	Chr6	29252	A	G	A	A	G	A	G	G	A	A
Chr6p29995	Chr6	29995	T	C	T	C	C	C	T	T	T	T
Chr6p30738	Chr6	30738	G	T	T	G	G	G	G	G	G	G
Chr6p31481	Chr6	31481	C	C	C	C	A	C	A	A	C	C
Chr6p32224	Chr6	32224	A	G	A	A	A	G	A	A	A	A
Chr6p32967	Chr6	32967	C	C	T	T	C	C	C	C	C	C
Chr6p33710	Chr6	33710	G	G	A	G	A	G	A	A	A	A
Chr6p34453	Chr6	34453	C	A	C	C	C	A	C	C	C	A
Chr6p35196	Chr6	35196	A	A	A	A	A	A	A	G	G	A
Chr6p35939	Chr6	35939	G	G	G	G	G	T	T	G	G	G
Chr6p36682	Chr6	36682	G	G	T	G	T	G	T	T	G	T
Chr6p37425	Chr6	37425	A	T	T	A	T	A	A	T	A	A
Chr6p38168	Chr6	38168	C	C	C	A	C	C	C	A	A	C
Chr6p38911	Chr6	38911	C	A	C	C	C	A	A	A	C	A
Chr6p39654	Chr6	39654	T	T	T	A	A	T	T	A	T	A
Chr6p40397	Chr6	40397	A	A	G	G	G	A	G	A	A	A
Chr6p41140	Chr6	41140	C	T	T	C	T	C	C	T	C	T
Chr6p41883	Chr6	41883	T	T	T	T	A	A	T	T	T	A
Chr6p42626	Chr6	42626	G	G	A	G	G	A	A	A	G	A
Chr6p43369	Chr6	43369	C	T	T	T	C	C	C	T	C	C
Chr6p44112	Chr6	44112	G	T	T	G	T	G	T	G	G	T
Chr6p44855	Chr6	44855	T	T	T	T	T	C	T	T	C	T
Chr6p45598	Chr6	45598	A	G	G	G	G	A	G	A	A	A
Chr6p46341	Chr6	46341	C	T	C	T	T	C	C	C	T	C
Chr6p47084	Chr6	47084	G	G	T	T	G	T	G	G	T	T
Chr6p47827	Chr6	47827	A	C	C	A	A	A	C	C	C	C
Chr6p48570	Chr6	48570	A	G	A	A	A	A	G	G	A	A
Chr6p49313	Chr6	49313	T	T	T	T	T	T	C	T	C	C
Chr6p50056	Chr6	50056	G	G	G	G	A	G	A	G	G	G
Chr6p50799	Chr6	50799	A	A	C	A	C	C	A	A	C	C
Chr6p51542	Chr6	51542	A	A	A	A	A	A	G	A	A	G
Chr6p52285	Chr6	52285	T	G	G	T	G	T	G	T	G	G
Chr6p53028	Chr6	53028	T	G	T	G	T	G	T	T	G	G
Chr6p53771	Chr6	53771	T	A	A	T	A	A	T	T	T	A
Chr6p54514	Chr6	54514	C	A	C	C	C	C	C	C	C	C
Chr6p55257	Chr6	55257	C	A	A	A	C	C	A	C	A	C
Chr6p56000	Chr6	56000	G	A	A	G	A	A	G	A	A	A
Chr6p56743	Chr6	56743	T	T	T	T	T	T	T	T	T	T
Chr6p57486	Chr6	57486	G	G	G	G	A	G	G	A	G	A
Chr6p58229	Chr6	58229	A	A	G	G	A	G	G	G	A	G
Chr6p58972	Chr6	58972	C	C	T	C	T	T	T	T	T	C
Chr6p59715	Chr6	59715	T	T	A	T	A	A	A	T	T	T
Chr6p60458	Chr6	60458	A	A	A	A	G	A	G	G	G	G
Chr6p61201	Chr6	61201	C	T	T	T	T	T	T	T	C	C
Chr6p61944	Chr6	61944	G	T	G	G	G	G	G	T	G	T
Chr6p62687	Chr6	62687	T	C	T	T	C	T	T	T	T	T
Chr6p63430	Chr6	63430	G	A	A	A	A	A	A	A	A	A
Chr6p64173	Chr6	64173	T	C	T	T	T	T	T	C	T	C
Chr6p64916	Chr6	64916	A	T	A	T	T	T	A	T	T	T
Chr6p65659	Chr6	65659	G	G	G	G	A	A	A	G	A	G
Chr6p66402	Chr6	66402	C	C	T	C	T	C	T	C	C	C
Chr6p67145	Chr6	67145	T	T	T	G	T	T	G	G	T	G
Chr6p67888	Chr6	67888	T	C	T	C	C	C	C	T	T	C
Chr6p68631	Chr6	68631	A	A	A	A	G	G	A	G	G	G
Chr6p69374	Chr6	69374	T	T	T	T	C	T	T	C	T	T
Chr6p70117	Chr6	70117	T	G	T	G	G	G	T	G	G	G
Chr6p70860	Chr6	70860	C	C	C	C	A	C	A	C	A	A
Chr6p71603	Chr6	71603	G	G	A	G	A	A	A	G	A	G
Chr6p72346	Chr6	72346	T	T	T	T	T	T	T	C	T	T
Chr6p73089	Chr6	73089	A	G	A	G	A	G	G	A	A	G
Chr6p73832	Chr6	73832	A	A	A	C	C	C	C	A	C	C
Chr7p621	Chr7	621	A	G	G	G	A	G	A	A	G	G
Chr7p1053	Chr7	1053	G	T	T	G	G	T	G	T	G	G
Chr7p1485	Chr7	1485	T	T	T	G	T	T	G	T	G	T
Chr7p1917	Chr7	1917	T	T	T	A	T	T	T	A	T	A
Chr7p2349	Chr7	2349	C	C	C	C	C	C	C	C	C	C
Chr7p2781	Chr7	2781	A	C	C	C	A	A	A	A	A	C
Chr7p3213	Chr7	3213	A	T	A	A	A	T	A	A	T	A
Chr7p3645	Chr7	3645	G	A	G	G	A	G	A	A	A	A
Chr7p4077	Chr7	4077	C	T	T	T	C	T	C	C	T	T
Chr7p4509	Chr7	4509	A	A	T	A	T	T	T	A	A	A
Chr7p4941	Chr7	4941	A	A	G	G	G	G	G	A	A	G
Chr7p5373	Chr7	5373	C	C	C	C	C	T	T	C	C	C
Chr7p5805	Chr7	5805	C	C	C	C	C	A	A	A	C	C
Chr7p6237	Chr7	6237	G	A	G	A	G	A	A	A	A	A
Chr7p6669	Chr7	6669	C	C	C	T	T	C	C	T	C	C
Chr7p7101	Chr7	7101	A	G	A	A	A	G	G	G	A	G
Chr7p7533	Chr7	7533	A	G	A	A	A	A	G	A	A	A
Chr7p7965	Chr7	7965	C	C	C	T	T	T	T	T	C	T
Chr7p8397	Chr7	8397	A	T	A	T	A	T	T	T	T	A
Chr7p8829	Chr7	8829	G	A	G	G	G	G	G	A	G	A
Chr7p9261	Chr7	9261	C	T	C	T	T	C	C	T	T	T
Chr7p9693	Chr7	9693	G	T	T	T	T	T	T	T	G	G
Chr7p10125	Chr7	10125	T	T	T	C	C	C	T	T	C	C
Chr7p10557	Chr7	10557	A	A	G	G	G	A	G	A	G	A
Chr7p10989	Chr7	10989	C	C	T	T	T	C	T	C	T	T
Chr7p11421	Chr7	11421	A	T	T	T	T	T	A	T	A	A
Chr7p11853	Chr7	11853	G	A	G	G	G	A	A	G	G	G
Chr7p12285	Chr7	12285	T	C	C	T	C	C	C	C	C	T
Chr7p12717	Chr7	12717	G	G	T	T	G	G	G	G	G	T
Chr7p13149	Chr7	13149	T	T	C	T	C	C	C	T	T	T
Chr7p13581	Chr7	13581	A	A	A	G	A	G	G	A	G	A
Chr7p14013	Chr7	14013	T	T	C	T	T	C	T	T	C	T
Chr7p14445	Chr7	14445	G	G	T	G	G	T	G	T	G	G
Chr7p14877	Chr7	14877	C	C	A	A	C	A	C	C	A	C
Chr7p15309	Chr7	15309	A	A	G	G	A	G	A	A	A	A
Chr7p15741	Chr7	15741	C	C	T	T	T	T	T	T	T	C
Chr7p16173	Chr7	16173	A	A	A	A	A	G	G	G	G	G
Chr7p16605	Chr7	16605	A	C	C	C	A	C	A	C	C	C
Chr7p17037	Chr7	17037	A	A	A	A	A	A	A	A	G	A
Chr7p17469	Chr7	17469	G	T	G	G	G	G	T	G	G	G
Chr7p17901	Chr7	17901	G	T	G	G	G	T	G	G	T	T
Chr7p18333	Chr7	18333	T	T	A	T	T	T	A	T	A	A
Chr7p18765	Chr7	18765	A	C	A	C	A	C	C	C	C	C
Chr7p19197	Chr7	19197	A	A	A	C	A	A	A	A	A	A
Chr7p19629	Chr7	19629	A	A	T	T	A	A	A	T	T	A
Chr7p20061	Chr7	20061	A	A	G	G	A	A	G	G	A	A
Chr7p20493	Chr7	20493	T	C	T	C	T	T	C	T	C	T
Chr7p20925	Chr7	20925	A	T	T	A	T	A	A	T	T	T
Chr7p21357	Chr7	21357	A	A	A	A	G	G	G	A	A	A
Chr7p21789	Chr7	21789	C	C	T	C	C	C	T	T	C	C
Chr7p22221	Chr7	22221	G	T	G	G	T	G	G	G	G	T
Chr7p22653	Chr7	22653	C	T	C	T	C	C	T	T	T	C
Chr7p23085	Chr7	23085	A	A	A	G	A	A	A	A	A	G
Chr7p23517	Chr7	23517	T	T	T	T	C	T	C	T	T	C
Chr7p23949	Chr7	23949	G	G	G	G	T	T	T	G	G	T
Chr7p24381	Chr7	24381	C	C	A	C	C	C	C	C	C	A
Chr7p24813	Chr7	24813	A	C	A	A	C	C	A	C	A	C
Chr7p25245	Chr7	25245	G	A	A	A	G	A	A	A	A	A
Chr7p25677	Chr7	25677	C	T	T	T	T	C	T	C	C	T
Chr7p26109	Chr7	26109	G	G	G	G	A	G	A	G	G	G
Chr7p26541	Chr7	26541	A	A	G	A	G	G	A	A	G	A
Chr7p26973	Chr7	26973	T	C	C	T	T	T	C	T	T	T
Chr7p27405	Chr7	27405	T	A	A	T	A	T	T	T	T	A
Chr7p27837	Chr7	27837	G	G	G	G	G	G	G	G	A	A
Chr7p28269	Chr7	28269	T	C	T	C	T	C	C	T	T	T
Chr7p28701	Chr7	28701	G	G	G	G	T	G	T	T	G	G
Chr7p29133	Chr7	29133	C	C	C	A	A	A	C	C	C	A
Chr7p29565	Chr7	29565	A	G	A	A	A	A	A	G	A	A
Chr7p29997	Chr7	29997	C	T	C	T	C	T	C	T	C	T
Chr7p30429	Chr7	30429	G	G	A	A	A	G	G	A	G	A
Chr7p30861	Chr7	30861	G	G	A	A	A	G	G	G	G	A
Chr7p31293	Chr7	31293	C	C	T	C	T	C	T	C	T	C
Chr7p31725	Chr7	31725	A	T	A	A	A	T	T	T	A	T
Chr7p32157	Chr7	32157	G	G	G	A	G	G	A	G	A	G
Chr7p32589	Chr7	32589	C	C	T	C	T	C	C	C	T	C
Chr7p33021	Chr7	33021	G	G	T	G	T	T	G	T	T	G
Chr7p33453	Chr7	33453	T	C	T	C	T	C	T	C	T	T
Chr7p33885	Chr7	33885	A	A	A	G	G	G	G	G	A	A
Chr7p34317	Chr7	34317	T	C	T	C	C	T	T	T	C	T
Chr7p34749	Chr7	34749	T	T	T	T	T	A	A	T	A	T
Chr7p35181	Chr7	35181	A	G	A	A	A	G	G	A	G	A
Chr7p35613	Chr7	35613	C	C	C	A	C	C	C	A	C	C
Chr7p36045	Chr7	36045	A	A	G	G	A	A	A	A	A	A
Chr7p36477	Chr7	36477	T	T	T	T	T	T	C	C	C	T
Chr7p36909	Chr7	36909	A	G	A	G	A	G	G	G	A	G
Chr7p37341	Chr7	37341	G	G	A	A	G	A	A	A	A	A
Chr7p37773	Chr7	37773	C	C	T	T	T	C	T	T	T	T
Chr7p38205	Chr7	38205	T	A	T	A	A	A	T	T	T	T
Chr7p38637	Chr7	38637	A	A	G	G	G	G	G	G	A	G
Chr7p39069	Chr7	39069	C	C	C	C	C	C	T	C	C	C
Chr7p39501	Chr7	39501	G	G	G	T	G	G	G	T	T	G
Chr7p39933	Chr7	39933	C	T	T	C	C	T	T	T	T	T
Chr7p40365	Chr7	40365	G	A	A	A	A	A	A	A	G	A
Chr7p40797	Chr7	40797	C	T	T	T	T	C	T	T	T	C
Chr7p41229	Chr7	41229	T	T	T	T	T	T	A	T	T	T
Chr7p41661	Chr7	41661	G	G	A	A	G	A	G	G	G	G
Chr7p42093	Chr7	42093	C	T	C	T	T	C	T	T	C	C
Chr7p42525	Chr7	42525	G	T	G	G	G	T	G	G	T	G
Chr7p42957	Chr7	42957	C	C	T	T	C	T	C	T	T	T
Chr7p43389	Chr7	43389	A	G	G	G	G	A	A	G	A	G
Chr8p921	Chr8	921	T	T	T	C	T	C	T	C	C	T
Chr8p1555	Chr8	1555	G	G	G	G	G	G	T	G	G	T
Chr8p2189	Chr8	2189	C	C	C	C	A	C	A	C	C	A
Chr8p2823	Chr8	2823	A	G	A	A	G	A	A	A	A	A
Chr8p3457	Chr8	3457	T	C	C	T	C	T	T	T	T	T
Chr8p4091	Chr8	4091	A	A	G	A	G	A	A	G	G	G
Chr8p4725	Chr8	4725	C	C	C	C	C	C	C	A	A	C
Chr8p5359	Chr8	5359	A	G	G	G	G	A	A	A	A	A
Chr8p5993	Chr8	5993	T	G	G	G	G	G	T	G	G	G
Chr8p6627	Chr8	6627	T	G	T	T	G	T	T	T	T	T
Chr8p7261	Chr8	7261	T	T	A	T	T	T	T	A	T	T
Chr8p7895	Chr8	7895	C	C	A	C	C	C	A	C	C	C
Chr8p8529	Chr8	8529	A	C	A	A	A	A	C	A	C	A
Chr8p9163	Chr8	9163	T	A	T	A	A	A	A	A	A	T
Chr8p9797	Chr8	9797	G	G	A	A	A	A	A	A	A	A
Chr8p10431	Chr8	10431	T	T	T	C	T	T	C	T	C	T
Chr8p11065	Chr8	11065	T	T	A	A	A	A	T	T	A	T
Chr8p11699	Chr8	11699	G	G	A	A	G	G	G	G	A	A
Chr8p12333	Chr8	12333	T	T	T	T	C	C	C	T	T	C
Chr8p12967	Chr8	12967	G	G	G	T	G	G	G	G	T	T
Chr8p13601	Chr8	13601	C	T	C	T	C	T	C	T	C	T
Chr8p14235	Chr8	14235	A	A	A	A	A	A	A	G	G	A
Chr8p14869	Chr8	14869	C	C	T	T	T	C	T	T	T	T
Chr8p15503	Chr8	15503	T	T	G	T	G	G	G	T	T	G
Chr8p16137	Chr8	16137	C	C	A	C	C	C	C	C	A	C
Chr8p16771	Chr8	16771	G	G	A	A	A	G	A	A	A	A
Chr8p17405	Chr8	17405	C	T	T	T	T	T	T	T	C	T
Chr8p18039	Chr8	18039	G	A	A	G	G	G	A	G	A	A
Chr8p18673	Chr8	18673	A	A	C	C	A	C	C	C	C	C
Chr8p19307	Chr8	19307	A	A	G	G	A	A	A	A	A	A
Chr8p19941	Chr8	19941	T	T	C	T	T	T	C	T	T	T
Chr8p20575	Chr8	20575	A	G	G	A	G	G	G	G	G	A
Chr8p21209	Chr8	21209	G	A	G	A	A	G	A	A	G	G
Chr8p21843	Chr8	21843	T	C	C	T	C	T	T	T	T	T
Chr8p22477	Chr8	22477	A	T	A	T	A	T	T	T	T	T
Chr8p23111	Chr8	23111	G	A	A	G	G	G	G	G	G	G
Chr8p23745	Chr8	23745	C	C	C	C	C	C	T	C	C	T
Chr8p24379	Chr8	24379	T	G	G	T	T	T	T	T	G	G
Chr8p25013	Chr8	25013	T	T	T	C	T	T	T	T	T	C
Chr8p25647	Chr8	25647	A	A	A	G	A	A	A	A	G	A
Chr8p26281	Chr8	26281	T	T	T	T	C	C	C	T	T	C
Chr8p26915	Chr8	26915	T	A	A	T	T	T	T	T	A	T
Chr8p27549	Chr8	27549	G	A	A	A	A	G	A	G	G	G
Chr8p28183	Chr8	28183	T	C	T	T	C	C	T	C	T	T
Chr8p28817	Chr8	28817	T	G	G	G	T	T	T	T	G	T
Chr8p29451	Chr8	29451	C	C	T	T	T	T	C	C	T	C
Chr8p30085	Chr8	30085	A	A	A	G	G	A	A	A	A	G
Chr8p30719	Chr8	30719	T	C	T	T	T	C	C	C	C	T
Chr8p31353	Chr8	31353	T	G	G	T	T	G	T	T	G	T
Chr8p31987	Chr8	31987	A	C	C	A	A	C	A	C	C	C
Chr8p32621	Chr8	32621	A	A	G	A	G	G	A	G	A	A
Chr8p33255	Chr8	33255	T	T	C	C	T	T	C	C	C	T
Chr8p33889	Chr8	33889	G	G	A	G	G	G	G	A	G	A
Chr8p34523	Chr8	34523	C	C	A	C	C	A	A	C	A	C
Chr8p35157	Chr8	35157	G	A	A	A	G	A	G	A	A	G
Chr8p35791	Chr8	35791	T	T	T	T	T	T	T	G	G	G
Chr8p36425	Chr8	36425	T	T	T	G	G	T	T	G	G	G
Chr8p37059	Chr8	37059	A	T	A	T	A	T	T	A	A	A
Chr8p37693	Chr8	37693	C	C	C	C	C	C	C	A	C	C
Chr8p38327	Chr8	38327	C	A	A	A	A	C	C	A	C	A
Chr8p38961	Chr8	38961	A	A	A	A	T	A	A	T	A	A
Chr8p39595	Chr8	39595	A	G	A	G	A	G	A	A	G	A
Chr8p40229	Chr8	40229	T	C	T	T	T	T	T	T	C	T
Chr8p40863	Chr8	40863	A	A	T	T	T	T	A	T	A	A
Chr8p41497	Chr8	41497	G	G	G	A	G	G	G	G	G	A
Chr8p42131	Chr8	42131	C	C	T	T	C	T	T	T	T	T
Chr8p42765	Chr8	42765	T	G	G	G	T	T	T	G	G	G
Chr8p43399	Chr8	43399	C	C	T	T	T	T	C	T	T	T
Chr8p44033	Chr8	44033	G	A	A	G	A	A	G	G	A	A
Chr8p44667	Chr8	44667	T	T	C	T	C	T	C	T	C	T
Chr8p45301	Chr8	45301	T	G	G	T	T	T	T	G	G	G
Chr8p45935	Chr8	45935	A	A	C	C	C	A	A	A	A	A
Chr8p46569	Chr8	46569	A	A	A	G	A	G	G	A	G	A
Chr8p47203	Chr8	47203	T	T	C	T	C	T	T	T	C	C
Chr8p47837	Chr8	47837	A	G	A	G	G	G	A	G	G	G
Chr8p48471	Chr8	48471	C	A	C	C	C	A	C	A	C	C
Chr8p49105	Chr8	49105	A	G	A	A	G	A	G	G	G	A
Chr8p49739	Chr8	49739	T	G	G	T	T	G	G	T	G	T
Chr8p50373	Chr8	50373	T	T	T	G	G	T	T	G	T	T
Chr8p51007	Chr8	51007	A	A	T	A	A	T	T	T	A	A
Chr8p51641	Chr8	51641	C	C	C	C	A	A	C	A	A	C
Chr8p52275	Chr8	52275	C	C	C	C	C	C	C	C	C	C
Chr8p52909	Chr8	52909	G	G	A	A	A	G	A	A	A	A
Chr8p53543	Chr8	53543	T	T	T	T	T	T	T	T	C	C
Chr8p54177	Chr8	54177	G	G	A	G	G	G	G	G	A	A
Chr8p54811	Chr8	54811	A	A	G	A	A	A	G	A	A	G
Chr8p55445	Chr8	55445	T	T	C	C	T	T	T	T	T	C
Chr8p56079	Chr8	56079	A	A	T	A	A	T	T	T	T	A
Chr8p56713	Chr8	56713	A	G	G	G	G	G	A	A	G	G
Chr8p57347	Chr8	57347	T	C	C	C	C	C	T	T	T	C
Chr8p57981	Chr8	57981	G	G	T	T	G	G	G	T	G	G
Chr8p58615	Chr8	58615	C	T	T	T	T	T	C	T	C	T
Chr8p59249	Chr8	59249	A	A	A	G	A	G	A	G	A	A
Chr8p59883	Chr8	59883	C	T	T	T	C	T	T	T	C	T
Chr8p60517	Chr8	60517	T	A	A	A	T	A	A	T	T	T
Chr8p61151	Chr8	61151	A	A	A	G	G	A	G	A	G	G
Chr8p61785	Chr8	61785	C	C	C	T	C	C	T	C	C	C
Chr8p62419	Chr8	62419	G	T	G	G	G	G	G	G	T	T
Chr8p63053	Chr8	63053	T	T	T	T	C	T	C	C	T	T
Chr8p63687	Chr8	63687	G	G	A	A	G	A	G	A	A	G
Chr9p412	Chr9	412	T	T	C	C	T	T	C	T	T	T
Chr9p1255	Chr9	1255	T	G	G	G	G	G	G	G	G	G
Chr9p2098	Chr9	2098	C	C	A	C	C	C	C	C	A	A
Chr9p2941	Chr9	2941	A	A	A	A	A	G	A	A	A	A
Chr9p3784	Chr9	3784	T	T	T	T	T	T	T	C	T	T
Chr9p4627	Chr9	4627	G	G	G	A	A	A	G	A	G	G
Chr9p5470	Chr9	5470	A	C	C	C	C	C	C	C	A	A
Chr9p6313	Chr9	6313	G	G	A	G	A	G	A	A	A	A
Chr9p7156	Chr9	7156	G	G	G	G	T	T	G	G	T	T
Chr9p7999	Chr9	7999	T	T	G	G	T	T	G	T	T	G
Chr9p8842	Chr9	8842	T	T	T	A	T	A	T	T	A	A
Chr9p9685	Chr9	9685	C	C	C	C	C	A	A	C	C	C
Chr9p10528	Chr9	10528	C	A	A	C	A	C	A	A	A	A
Chr9p11371	Chr9	11371	T	T	A	A	A	T	T	T	T	T
Chr9p12214	Chr9	12214	A	G	G	A	G	A	G	A	G	A
Chr9p13057	Chr9	13057	C	T	T	T	C	T	T	T	T	T
Chr9p13900	Chr9	13900	T	A	T	A	T	T	A	A	T	T
Chr9p14743	Chr9	14743	G	A	G	G	A	G	G	G	G	G
Chr9p15586	Chr9	15586	T	T	T	T	C	C	T	T	C	C
Chr9p16429	Chr9	16429	T	G	G	T	G	G	T	T	T	G
Chr9p17272	Chr9	17272	C	T	T	C	C	T	C	T	T	T
Chr9p18115	Chr9	18115	A	A	A	A	A	A	A	A	G	A
Chr9p18958	Chr9	18958	C	C	T	T	T	C	T	C	T	C
Chr9p19801	Chr9	19801	G	G	T	G	G	G	T	G	G	G
Chr9p20644	Chr9	20644	C	C	C	A	A	A	A	C	A	C
Chr9p21487	Chr9	21487	G	A	A	A	G	A	G	A	A	A
Chr9p22330	Chr9	22330	T	C	T	T	T	T	T	T	C	C
Chr9p23173	Chr9	23173	G	A	G	A	G	A	A	G	G	A
Chr9p24016	Chr9	24016	C	A	C	A	A	C	A	C	C	A
Chr9p24859	Chr9	24859	A	A	G	G	A	A	A	G	G	A
Chr9p25702	Chr9	25702	G	G	T	T	T	G	G	T	T	G
Chr9p26545	Chr9	26545	G	T	T	T	T	G	G	T	G	T
Chr9p27388	Chr9	27388	T	A	T	T	T	T	A	A	T	T
Chr9p28231	Chr9	28231	A	C	C	C	C	C	A	C	C	A
Chr9p29074	Chr9	29074	A	A	G	A	A	G	G	A	G	A
Chr9p29917	Chr9	29917	T	C	T	T	C	T	C	T	T	T
Chr9p30760	Chr9	30760	A	G	G	G	A	G	G	G	A	G
Chr9p31603	Chr9	31603	A	G	G	G	A	A	G	G	A	A
Chr9p32446	Chr9	32446	T	T	C	C	T	C	T	T	C	C
Chr9p33289	Chr9	33289	T	T	T	A	T	A	T	T	A	A
Chr9p34132	Chr9	34132	A	G	G	A	G	G	G	G	A	G
Chr9p34975	Chr9	34975	C	C	C	C	T	T	C	C	C	T
Chr9p35818	Chr9	35818	G	T	T	T	G	G	T	T	G	T
Chr9p36661	Chr9	36661	T	T	T	T	C	C	T	C	C	C
Chr9p37504	Chr9	37504	G	G	G	G	G	A	A	A	A	G
Chr9p38347	Chr9	38347	T	T	C	T	T	C	C	T	T	T
Chr9p39190	Chr9	39190	T	T	A	T	A	T	T	A	A	T
Chr9p40033	Chr9	40033	A	A	A	G	G	A	G	A	G	G
Chr9p40876	Chr9	40876	C	T	T	C	T	T	C	C	T	C
Chr9p41719	Chr9	41719	G	G	G	G	T	G	G	T	T	T
Chr9p42562	Chr9	42562	T	T	T	T	C	T	T	T	C	T
Chr9p43405	Chr9	43405	G	G	A	A	A	A	A	G	G	G
Chr9p44248	Chr9	44248	T	T	C	C	C	C	C	T	T	T
Chr9p45091	Chr9	45091	G	T	T	T	T	G	G	G	G	T
Chr9p45934	Chr9	45934	C	C	C	C	A	C	A	C	A	A
Chr9p46777	Chr9	46777	G	A	G	G	A	G	A	A	A	A
Chr9p47620	Chr9	47620	T	T	T	C	T	T	T	C	C	C
Chr9p48463	Chr9	48463	G	G	G	A	A	G	G	A	G	G
Chr9p49306	Chr9	49306	C	A	C	C	C	A	C	C	C	A
Chr9p50149	Chr9	50149	G	A	A	A	G	A	G	A	A	G
Chr9p50992	Chr9	50992	G	G	T	T	T	G	G	G	T	G
Chr9p51835	Chr9	51835	G	T	T	G	G	G	T	G	T	T
Chr9p52678	Chr9	52678	T	T	T	A	T	T	T	T	A	T
Chr9p53521	Chr9	53521	C	C	C	C	A	A	A	C	C	C
Chr9p54364	Chr9	54364	A	A	A	A	C	A	A	C	A	C
Chr9p55207	Chr9	55207	T	A	T	A	A	T	A	A	A	T
Chr9p56050	Chr9	56050	G	A	G	A	A	A	G	G	A	A
Chr9p56893	Chr9	56893	C	T	C	C	C	T	T	T	C	T
Chr9p57736	Chr9	57736	A	A	T	T	A	T	A	T	T	T
Chr9p58579	Chr9	58579	G	G	G	G	G	G	G	G	G	G
Chr9p59422	Chr9	59422	T	C	C	T	T	C	T	T	T	T
Chr9p60265	Chr9	60265	T	G	G	G	T	G	G	G	G	G
Chr9p61108	Chr9	61108	C	T	T	C	T	T	T	T	T	C
Chr9p61951	Chr9	61951	G	A	G	G	A	A	A	G	A	A
Chr9p62794	Chr9	62794	T	C	C	C	T	C	C	C	C	T
Chr9p63637	Chr9	63637	T	G	G	G	G	G	G	T	G	T
Chr9p64480	Chr9	64480	C	A	C	C	C	C	A	C	C	A
Chr9p65323	Chr9	65323	A	G	G	G	A	A	A	A	A	A
Chr9p66166	Chr9	66166	T	C	T	T	T	C	T	T	C	T
Chr9p67009	Chr9	67009	G	G	G	G	G	G	A	G	A	G
Chr9p67852	Chr9	67852	C	A	A	C	A	C	C	C	A	C
Chr9p68695	Chr9	68695	A	A	G	G	G	A	A	G	G	A
Chr9p69538	Chr9	69538	C	A	A	C	C	A	A	C	C	C
Chr9p70381	Chr9	70381	G	G	A	A	A	A	G	G	A	G
Chr9p71224	Chr9	71224	T	C	T	T	T	T	T	T	C	C
Chr9p72067	Chr9	72067	G	G	A	G	A	G	G	A	A	G
Chr9p72910	Chr9	72910	A	A	A	A	A	G	A	A	G	A
Chr9p73753	Chr9	73753	T	T	T	T	T	T	C	T	C	T
Chr9p74596	Chr9	74596	A	A	T	A	T	A	T	A	A	A
Chr9p75439	Chr9	75439	G	G	G	A	A	A	A	A	G	G
Chr9p76282	Chr9	76282	C	C	C	T	C	T	C	T	T	C
Chr9p77125	Chr9	77125	T	T	T	T	G	T	G	G	G	T
Chr9p77968	Chr9	77968	T	T	T	T	T	T	C	T	T	T
Chr9p78811	Chr9	78811	G	G	A	A	A	G	A	A	G	G
Chr9p79654	Chr9	79654	T	T	T	T	C	T	T	C	T	T
Chr9p80497	Chr9	80497	A	T	T	T	A	A	T	A	T	A
Chr9p81340	Chr9	81340	A	G	G	G	A	A	A	G	G	G
Chr9p82183	Chr9	82183	T	C	T	T	C	T	C	T	T	C
Chr9p83026	Chr9	83026	G	T	G	T	G	G	G	G	T	G
Chr9p83869	Chr9	83869	T	T	T	C	C	T	T	C	T	C
Chr0p821	Chr0	821	A	A	A	A	G	G	G	A	A	A
Chr0p1566	Chr0	1566	T	T	T	T	T	C	T	T	T	T
Chr0p2311	Chr0	2311	G	G	G	T	T	G	G	T	T	T
Chr0p3056	Chr0	3056	C	C	C	C	A	C	C	A	A	A
Chr0p3801	Chr0	3801	G	G	A	A	A	A	A	A	A	A
Chr0p4546	Chr0	4546	T	T	T	T	T	T	T	T	C	T
Chr0p5291	Chr0	5291	G	G	G	G	A	G	A	A	G	G
Chr0p6036	Chr0	6036	C	C	A	C	C	C	A	A	A	C
Chr0p6781	Chr0	6781	A	A	A	G	A	G	A	G	A	A
Chr0p7526	Chr0	7526	G	T	G	G	G	G	T	G	G	G
Chr0p8271	Chr0	8271	G	T	T	G	T	T	T	T	G	G
Chr0p9016	Chr0	9016	A	A	A	T	A	T	T	T	A	T
Chr0p9761	Chr0	9761	C	A	C	C	A	A	C	C	C	C
Chr0p10506	Chr0	10506	C	C	A	A	C	C	A	C	C	A
Chr0p11251	Chr0	11251	A	A	A	A	T	T	A	A	A	T
Chr0p11996	Chr0	11996	G	G	A	A	A	G	A	A	A	A
Chr0p12741	Chr0	12741	T	C	T	T	C	C	T	C	T	T
Chr0p13486	Chr0	13486	A	T	T	A	T	T	T	A	A	T
Chr0p14231	Chr0	14231	A	A	A	G	G	A	A	A	G	G
Chr0p14976	Chr0	14976	C	C	C	C	C	C	C	C	C	C
Chr0p15721	Chr0	15721	G	G	G	G	T	T	T	G	G	G
Chr0p16466	Chr0	16466	T	T	T	T	C	T	T	T	C	T
Chr0p17211	Chr0	17211	G	G	A	G	G	A	A	A	G	A
Chr0p17956	Chr0	17956	T	T	T	T	T	T	T	C	C	C
Chr0p18701	Chr0	18701	G	G	G	T	G	G	T	G	G	T
Chr0p19446	Chr0	19446	A	C	A	C	A	A	C	C	A	A
Chr0p20191	Chr0	20191	G	G	A	A	A	A	A	G	A	A
Chr0p20936	Chr0	20936	C	T	C	T	T	T	T	C	T	C
Chr0p21681	Chr0	21681	A	G	G	G	A	G	G	A	A	G
Chr0p22426	Chr0	22426	C	C	C	C	A	A	C	A	A	C
Chr0p23171	Chr0	23171	A	G	A	A	A	A	A	G	G	G
Chr0p23916	Chr0	23916	G	G	T	G	T	T	T	G	G	G
Chr0p24661	Chr0	24661	A	C	A	C	A	C	A	C	A	A
Chr0p25406	Chr0	25406	A	A	G	A	A	A	A	A	A	G
Chr0p26151	Chr0	26151	C	T	T	C	C	C	C	T	T	C
Chr0p26896	Chr0	26896	G	G	G	G	G	G	A	A	G	G
Chr0p27641	Chr0	27641	G	G	A	G	A	G	A	A	A	A
Chr0p28386	Chr0	28386	T	C	C	T	C	T	T	C	T	T
Chr0p29131	Chr0	29131	T	A	T	T	T	T	T	T	A	T
Chr0p29876	Chr0	29876	A	G	A	G	A	G	A	G	G	G
Chr0p30621	Chr0	30621	C	T	C	C	T	T	C	T	C	C
Chr0p31366	Chr0	31366	G	T	G	T	G	G	T	G	G	G
Chr0p32111	Chr0	32111	T	T	C	T	T	T	T	T	C	T
Chr0p32856	Chr0	32856	A	A	A	A	A	A	A	A	G	G
Chr0p33601	Chr0	33601	T	T	T	T	C	C	C	C	T	C
Chr0p34346	Chr0	34346	T	T	A	A	A	A	A	T	T	A
Chr0p35091	Chr0	35091	G	A	A	G	A	G	A	A	G	G
Chr0p35836	Chr0	35836	C	C	T	T	T	T	C	C	T	T
Chr0p36581	Chr0	36581	T	T	G	G	G	G	T	G	T	T
Chr0p37326	Chr0	37326	C	T	T	T	T	T	C	T	T	C
Chr0p38071	Chr0	38071	A	A	A	G	A	G	A	A	A	A
Chr0p38816	Chr0	38816	T	T	T	C	C	T	C	C	T	C
Chr0p39561	Chr0	39561	T	T	G	G	T	T	G	G	G	G
Chr0p40306	Chr0	40306	C	C	A	C	C	A	A	A	A	C
Chr0p41051	Chr0	41051	A	G	A	A	A	G	G	G	A	A
Chr0p41796	Chr0	41796	C	T	C	T	C	C	C	T	C	T
Chr0p42541	Chr0	42541	G	G	G	G	A	G	A	A	G	A
Chr0p43286	Chr0	43286	C	A	C	A	C	C	C	C	A	A
Chr0p44031	Chr0	44031	G	A	G	G	G	G	A	A	A	G
Chr0p44776	Chr0	44776	T	T	T	G	G	G	G	T	T	G
Chr0p45521	Chr0	45521	G	T	G	T	T	T	T	T	T	G
Chr0p46266	Chr0	46266	T	A	T	T	T	T	A	T	A	T
Chr0p47011	Chr0	47011	C	A	A	A	A	C	C	A	A	A
Chr0p47756	Chr0	47756	C	C	A	A	A	A	C	C	A	A
Chr0p48501	Chr0	48501	T	T	T	T	A	T	A	T	A	T
Chr0p49246	Chr0	49246	G	A	A	A	A	A	G	A	A	A
Chr0p49991	Chr0	49991	T	T	T	T	T	T	T	C	T	T
Chr0p50736	Chr0	50736	A	T	A	T	T	T	T	T	T	A
Chr0p51481	Chr0	51481	A	G	G	G	A	A	G	G	G	G
Chr0p52226	Chr0	52226	C	C	T	C	C	T	C	C	C	T
Chr0p52971	Chr0	52971	G	G	T	G	T	G	T	G	G	G
Chr0p53716	Chr0	53716	T	T	T	T	T	C	T	T	C	T
Chr0p54461	Chr0	54461	A	A	A	G	A	G	G	G	A	G
Chr0p55206	Chr0	55206	T	T	C	T	T	C	T	T	C	T
Chr0p55951	Chr0	55951	G	G	T	G	G	G	T	G	T	G
Chr0p56696	Chr0	56696	A	C	C	C	C	A	C	C	C	C
Chr0p57441	Chr0	57441	A	A	A	A	A	A	A	A	A	A
Chr0p58186	Chr0	58186	T	T	T	T	T	T	T	C	T	T
Chr0p58931	Chr0	58931	A	G	G	G	G	A	G	A	G	G
Chr0p59676	Chr0	59676	C	A	C	A	A	C	C	C	A	A
Chr0p60421	Chr0	60421	G	A	A	A	A	A	A	A	A	A
Chr0p61166	Chr0	61166	G	G	G	G	G	G	G	T	G	G
Chr0p61911	Chr0	61911	T	T	T	T	T	G	T	T	T	G
Chr0p62656	Chr0	62656	C	A	C	C	A	C	C	C	C	C
Chr0p63401	Chr0	63401	A	G	A	A	A	A	A	A	A	A
Chr0p64146	Chr0	64146	T	C	T	C	C	C	T	T	C	C
Chr0p64891	Chr0	64891	A	G	A	G	G	G	G	G	G	G
Chr0p65636	Chr0	65636	G	A	A	A	A	G	A	G	G	G
Chr0p66381	Chr0	66381	T	T	T	T	T	T	C	T	C	C
Chr0p67126	Chr0	67126	T	A	A	A	A	T	T	T	T	A
Chr0p67871	Chr0	67871	G	G	G	A	G	A	G	G	G	A
Chr0p68616	Chr0	68616	T	C	C	C	C	C	C	C	C	C
Chr0p69361	Chr0	69361	G	G	G	G	G	G	G	G	T	G
Chr0p70106	Chr0	70106	T	C	T	C	T	C	T	C	T	T
Chr0p70851	Chr0	70851	G	A	A	A	A	A	A	A	A	A
Chr0p71596	Chr0	71596	C	C	C	C	T	C	C	T	C	T
Chr0p72341	Chr0	72341	T	T	T	T	T	T	T	T	T	T
Chr0p73086	Chr0	73086	A	A	G	A	A	A	G	A	G	A
Chr0p73831	Chr0	73831	C	T	C	C	C	C	T	C	T	T
Chr0p74576	Chr0	74576	T	G	T	G	G	T	G	T	G	G
